Link number 1 |,URL : https://en.wikipedia.org/wiki/Statute_IV_of_1947_regarding_the_abolition_of_certain_titles_and_ranks
Link number 2 |,URL : https://en.wikipedia.org/wiki/Wikipedia:Reference_desk
Link number 3 |,URL : https://en.wikipedia.org/wiki/Imadaddin_Nasimi
Link number 4 |,URL : https://en.wikipedia.org/wiki/Wikipedia:Today%27s_featured_article/August_2023
Link number 5 |,URL : https://en.wikipedia.org/wiki/Wikipedia:Picture_of_the_day/Archive
Link number 6 |,URL : https://en.wikipedia.org/wiki/Nusantara_Awakening_Party
Link number 7 |,URL : https://en.wikipedia.org/wiki/Wikipedia:Help_desk
Link number 8 |,URL : https://en.wikipedia.org/wiki/Wikipedia:File_Upload_Wizard
Link number 9 |,URL : https://en.wikipedia.org/wiki/Viburnum_opulus
Link number 10 |,URL : https://en.wikipedia.org/wiki/File:Tabula_hungariae.jpg
Link number 11 |,URL : https://en.wikipedia.org/wiki/Quebec
Link number 12 |,URL : https://en.wikipedia.org/wiki/Jerry_Pentland
Link number 13 |,URL : https://en.wikipedia.org/wiki/Wikipedia:General_disclaimer
Link number 14 |,URL : https://en.wikipedia.org/wiki/1995_Aigio_earthquake
Link number 15 |,URL : https://en.wikipedia.org/wiki/Wizards_of_the_Coast
Link number 16 |,URL : https://en.wikipedia.org/wiki/Wikipedia:About
Link number 17 |,URL : https://en.wikipedia.org/wiki/Special:SpecialPages
Link number 18 |,URL : https://en.wikipedia.org/wiki/The_Ashes
Link number 19 |,URL : https://en.wikipedia.org/wiki/Westminster_Abbey
Link number 20 |,URL : https://en.wikipedia.org/wiki/Demi_Vollering
Link number 21 |,URL : https://en.wikipedia.org/wiki/Wikipedia:Village_pump
Link number 22 |,URL : https://en.wikipedia.org/wiki/Cricket
Link number 23 |,URL : https://en.wikipedia.org/wiki/Wikipedia:Recent_additions
Link number 24 |,URL : https://en.wikipedia.org/wiki/Wikipedia:Featured_articles
Link number 25 |,URL : https://en.wikipedia.org/wiki/Tabula_Hungariae
Link number 26 |,URL : https://en.wikipedia.org/wiki/Adoxaceae
Link number 27 |,URL : https://en.wikipedia.org/wiki/Wikipedia:File_upload_wizard
Link number 28 |,URL : https://en.wikipedia.org/wiki/Wikipedia:In_the_news/Candidates
Link number 29 |,URL : https://en.wikipedia.org/wiki/Wikipedia:About_Today%27s_featured_article
Link number 30 |,URL : https://en.wikipedia.org/wiki/Template_talk:Did_you_know
Total count of Wiki Links: 163 | Unique link count :30,
